timestamp,request_id,n,status_code,client_latency_ms,function_time_ms,prime_count
2026-06-16T23:01:45.397148,1,1000,200,572.495,0.56,168
2026-06-16T23:01:45.588320,2,1000,200,190.873,0.519,168
2026-06-16T23:01:45.787311,3,1000,200,198.724,0.513,168
2026-06-16T23:01:46.047025,4,1000,200,259.51,0.524,168
2026-06-16T23:01:46.172900,5,1000,200,125.676,0.511,168
2026-06-16T23:01:46.306144,6,1000,200,133.025,0.515,168
2026-06-16T23:01:46.502962,7,1000,200,196.598,0.518,168
2026-06-16T23:01:46.691571,8,1000,200,188.376,0.58,168
2026-06-16T23:01:46.870087,9,1000,200,178.017,0.511,168
2026-06-16T23:01:47.036560,10,1000,200,166.231,0.511,168
2026-06-16T23:01:47.199226,11,1000,200,162.413,0.511,168
2026-06-16T23:01:47.336490,12,1000,200,137.048,0.519,168
2026-06-16T23:01:47.454703,13,1000,200,117.981,0.519,168
2026-06-16T23:01:47.579620,14,1000,200,124.699,0.505,168
2026-06-16T23:01:47.694945,15,1000,200,115.098,0.525,168
2026-06-16T23:01:47.809636,16,1000,200,114.47,0.515,168
2026-06-16T23:01:47.956997,17,1000,200,146.96,0.521,168
2026-06-16T23:01:48.077500,18,1000,200,120.245,0.512,168
2026-06-16T23:01:48.254703,19,1000,200,176.972,0.532,168
2026-06-16T23:01:48.370062,20,1000,200,115.13,0.516,168
2026-06-16T23:01:48.489281,21,1000,200,118.91,0.518,168
2026-06-16T23:01:48.617131,22,1000,200,127.625,0.511,168
2026-06-16T23:01:48.734658,23,1000,200,117.306,0.513,168
2026-06-16T23:01:48.900307,24,1000,200,165.326,0.51,168
2026-06-16T23:01:49.021527,25,1000,200,120.77,0.514,168
2026-06-16T23:01:49.232714,26,1000,200,210.951,0.516,168
2026-06-16T23:01:49.358686,27,1000,200,125.74,0.522,168
2026-06-16T23:01:49.486350,28,1000,200,127.435,0.517,168
2026-06-16T23:01:49.646551,29,1000,200,159.975,0.517,168
2026-06-16T23:01:49.764367,30,1000,200,117.581,0.518,168
2026-06-16T23:01:49.882101,31,1000,200,117.461,0.516,168
2026-06-16T23:01:50.005694,32,1000,200,123.362,0.515,168
2026-06-16T23:01:50.175939,33,1000,200,170.011,0.514,168
2026-06-16T23:01:50.292778,34,1000,200,116.587,0.519,168
2026-06-16T23:01:50.456763,35,1000,200,163.746,0.525,168
2026-06-16T23:01:50.623909,36,1000,200,166.916,0.525,168
2026-06-16T23:01:50.741236,37,1000,200,117.105,0.512,168
2026-06-16T23:01:50.864201,38,1000,200,122.71,0.516,168
2026-06-16T23:01:51.031904,39,1000,200,167.426,0.501,168
2026-06-16T23:01:51.147718,40,1000,200,115.579,0.536,168
2026-06-16T23:01:51.272812,41,1000,200,124.797,0.516,168
2026-06-16T23:01:51.390583,42,1000,200,117.471,0.513,168
2026-06-16T23:01:51.514460,43,1000,200,123.605,0.519,168
2026-06-16T23:01:51.633005,44,1000,200,118.292,0.512,168
2026-06-16T23:01:51.754045,45,1000,200,120.786,0.511,168
2026-06-16T23:01:51.874168,46,1000,200,119.829,0.517,168
2026-06-16T23:01:51.997592,47,1000,200,123.126,0.516,168
2026-06-16T23:01:52.116663,48,1000,200,118.806,0.518,168
2026-06-16T23:01:52.282870,49,1000,200,165.96,0.515,168
2026-06-16T23:01:52.407118,50,1000,200,123.991,0.537,168
2026-06-16T23:01:52.523481,51,1000,200,116.141,0.533,168
2026-06-16T23:01:52.642120,52,1000,200,118.366,0.515,168
2026-06-16T23:01:52.765543,53,1000,200,123.184,0.514,168
2026-06-16T23:01:52.882647,54,1000,200,116.869,0.518,168
2026-06-16T23:01:53.004105,55,1000,200,121.297,0.512,168
2026-06-16T23:01:53.127060,56,1000,200,122.696,0.504,168
2026-06-16T23:01:53.296011,57,1000,200,168.716,0.527,168
2026-06-16T23:01:53.416354,58,1000,200,120.058,0.512,168
2026-06-16T23:01:53.535566,59,1000,200,118.975,0.577,168
2026-06-16T23:01:53.660093,60,1000,200,124.265,0.561,168
2026-06-16T23:01:53.775379,61,1000,200,115.015,0.52,168
2026-06-16T23:01:53.891290,62,1000,200,115.66,0.503,168
2026-06-16T23:01:54.006542,63,1000,200,114.977,0.507,168
2026-06-16T23:01:54.128488,64,1000,200,121.71,0.517,168
2026-06-16T23:01:54.244389,65,1000,200,115.428,0.534,168
2026-06-16T23:01:54.414112,66,1000,200,169.375,0.512,168
2026-06-16T23:01:54.534982,67,1000,200,120.629,0.516,168
2026-06-16T23:01:54.654648,68,1000,200,119.43,0.518,168
2026-06-16T23:01:54.778375,69,1000,200,123.388,0.518,168
2026-06-16T23:01:54.899457,70,1000,200,120.836,0.513,168
2026-06-16T23:01:55.075123,71,1000,200,175.431,0.501,168
2026-06-16T23:01:55.247776,72,1000,200,172.419,0.513,168
2026-06-16T23:01:55.372184,73,1000,200,124.171,0.523,168
2026-06-16T23:01:55.495681,74,1000,200,123.243,0.513,168
2026-06-16T23:01:55.612856,75,1000,200,116.937,0.54,168
2026-06-16T23:01:55.735414,76,1000,200,122.315,0.512,168
2026-06-16T23:01:55.855916,77,1000,200,120.273,0.562,168
2026-06-16T23:01:55.975505,78,1000,200,119.352,0.502,168
2026-06-16T23:01:56.100017,79,1000,200,124.276,0.519,168
2026-06-16T23:01:56.220693,80,1000,200,120.438,0.526,168
2026-06-16T23:01:56.392792,81,1000,200,171.848,0.513,168
2026-06-16T23:01:56.518585,82,1000,200,125.525,0.544,168
2026-06-16T23:01:56.689760,83,1000,200,170.928,0.519,168
2026-06-16T23:01:56.823008,84,1000,200,132.927,0.513,168
2026-06-16T23:01:56.947066,85,1000,200,123.749,0.517,168
2026-06-16T23:01:57.065075,86,1000,200,117.776,0.516,168
2026-06-16T23:01:57.180099,87,1000,200,114.725,0.518,168
2026-06-16T23:01:57.302769,88,1000,200,122.408,0.511,168
2026-06-16T23:01:57.418360,89,1000,200,115.321,0.511,168
2026-06-16T23:01:57.590112,90,1000,200,171.52,0.538,168
2026-06-16T23:01:57.716689,91,1000,200,126.335,0.542,168
2026-06-16T23:01:57.854185,92,1000,200,137.236,0.519,168
2026-06-16T23:02:00.170972,93,1000,200,117.261,0.523,168
2026-06-16T23:02:00.288762,94,1000,200,117.549,0.512,168
2026-06-16T23:02:00.408175,95,1000,200,119.145,0.522,168
2026-06-16T23:02:00.534974,96,1000,200,126.448,0.514,168
2026-06-16T23:02:00.655598,97,1000,200,120.373,0.519,168
2026-06-16T23:02:00.827857,98,1000,200,171.998,0.533,168
2026-06-16T23:02:00.988985,99,1000,200,160.911,0.514,168
2026-06-16T23:02:01.113224,100,1000,200,123.887,0.497,168
